id,first_name,last_name,email,ip_address
1,Bronnie,Joice,bjoice0@dropbox.com,220.19.134.202
2,Tawsha,Woolager,twoolager1@biblegateway.com,162.12.110.146
3,Virgie,Lebreton,vlebreton2@nationalgeographic.com,243.168.227.76
4,Justine,Crosby,jcrosby3@qq.com,130.218.178.222
5,Adelaida,Skyppe,askyppe4@dell.com,113.59.200.165
6,Quintina,Gerardi,qgerardi5@nbcnews.com,105.251.228.51
7,Frederick,Teodorski,fteodorski6@samsung.com,29.70.247.122
8,Torrence,Muschette,tmuschette7@illinois.edu,247.16.22.8
9,Brunhilda,Dodworth,bdodworth8@furl.net,245.97.0.200
10,Gracia,Finlator,gfinlator9@4shared.com,81.218.208.132
11,Giustina,Braben,gbrabena@hatena.ne.jp,14.179.74.33
12,Cale,Rookledge,crookledgeb@gizmodo.com,144.201.20.43
13,Melosa,Stockbridge,mstockbridgec@apache.org,232.36.19.7
14,Noelyn,Smedmoor,nsmedmoord@chronoengine.com,92.56.163.217
15,Aguistin,Dollard,adollarde@admin.ch,241.70.177.82
16,Wernher,Paulisch,wpaulischf@discovery.com,193.33.188.127
17,Coriss,Iannitti,ciannittig@microsoft.com,36.142.24.46
18,Daloris,Coke,dcokeh@amazon.de,92.49.0.171
19,Walker,Brose,wbrosei@amazon.de,74.55.57.145
20,Donaugh,Gamblin,dgamblinj@weebly.com,41.191.191.210
21,Agnese,Moreinis,amoreinisk@vkontakte.ru,40.30.82.161
22,Sullivan,Patrie,spatriel@home.pl,55.72.180.146
23,Field,Atkinson,fatkinsonm@oaic.gov.au,182.130.29.63
24,Briggs,Atwell,batwelln@virginia.edu,102.199.44.90
25,Cissy,Linforth,clinfortho@deliciousdays.com,224.247.150.144
26,Cinnamon,Mooreed,cmooreedp@craigslist.org,255.36.191.137
27,Mari,Sympson,msympsonq@psu.edu,209.91.91.163
28,Riordan,Ferrari,rferrarir@mashable.com,19.107.24.32
29,Rog,Roumier,rroumiers@dailymail.co.uk,81.71.139.115
30,Eleanora,Larwood,elarwoodt@indiegogo.com,1.234.208.13
31,Shawnee,Rozycki,srozyckiu@soup.io,90.170.146.1
32,Euphemia,Rown,erownv@amazonaws.com,61.43.34.188
33,Herold,Elvin,helvinw@histats.com,87.96.121.1
34,Bren,Beazer,bbeazerx@msu.edu,81.6.107.188
35,Leandra,Penhall,lpenhally@arizona.edu,48.106.3.197
36,Kerwin,Esberger,kesbergerz@ifeng.com,214.49.181.34
37,Chickie,Larcier,clarcier10@tumblr.com,120.62.42.170
38,Carlene,Mailes,cmailes11@plala.or.jp,207.219.69.85
39,Sigmund,McRobbie,smcrobbie12@who.int,36.150.137.129
40,Homere,Chadbourn,hchadbourn13@aol.com,98.81.231.219
41,Sonny,Bourthoumieux,sbourthoumieux14@homestead.com,24.162.195.214
42,Ainslee,Perring,aperring15@rakuten.co.jp,7.250.182.198
43,Shelden,Ellard,sellard16@china.com.cn,246.147.128.180
44,Sigismundo,Blayney,sblayney17@wired.com,172.85.139.234
45,Maxy,McGrouther,mmcgrouther18@unesco.org,108.47.9.13
46,Dillie,Pleuman,dpleuman19@answers.com,117.18.193.146
47,Randa,Cosham,rcosham1a@yelp.com,35.175.175.189
48,Aggy,O' Cloney,aocloney1b@sourceforge.net,96.167.103.116
49,Noam,Trustey,ntrustey1c@mapquest.com,250.160.44.190
50,Kirbie,Durrett,kdurrett1d@amazon.de,156.169.180.224
51,Dianemarie,Edelston,dedelston1e@statcounter.com,19.215.200.223
52,Stefanie,Cobbe,scobbe1f@alibaba.com,83.49.170.195
53,Conrad,Seyfart,cseyfart1g@slashdot.org,97.243.51.40
54,Annalee,Worgan,aworgan1h@hatena.ne.jp,165.118.213.80
55,Berenice,Brettelle,bbrettelle1i@state.tx.us,180.29.6.171
56,Blair,Hoble,bhoble1j@purevolume.com,62.211.173.245
57,Madelena,Goulthorp,mgoulthorp1k@ovh.net,70.196.190.52
58,Eal,Shearman,eshearman1l@walmart.com,54.181.144.5
59,Harold,Easthope,heasthope1m@squarespace.com,108.149.252.180
60,Ashley,Karchowski,akarchowski1n@tripod.com,107.45.149.45
61,Marie-ann,Blazic,mblazic1o@columbia.edu,223.253.16.160
62,Irina,Matzl,imatzl1p@nba.com,245.220.4.192
63,Marie,Wallenger,mwallenger1q@icio.us,169.195.146.156
64,Loree,Avery,lavery1r@disqus.com,108.226.156.34
65,Jay,Zecchinii,jzecchinii1s@qq.com,135.23.177.78
66,Ester,Gullivent,egullivent1t@apache.org,166.225.109.83
67,Dominik,Mulbry,dmulbry1u@theatlantic.com,16.122.144.59
68,Barbaraanne,Kirvell,bkirvell1v@nyu.edu,188.59.24.24
69,Shanta,Dorcey,sdorcey1w@gnu.org,119.181.168.63
70,Rochell,McDyer,rmcdyer1x@studiopress.com,114.208.130.226
71,Rodger,Beatey,rbeatey1y@usnews.com,139.29.48.59
72,Elyn,Pellamont,epellamont1z@cisco.com,232.3.186.17
73,Bink,Harker,bharker20@flavors.me,26.205.250.61
74,Lenard,Stocken,lstocken21@csmonitor.com,215.83.58.155
75,Mark,Brockbank,mbrockbank22@ehow.com,176.13.217.9
76,Ginelle,Gradly,ggradly23@google.cn,209.100.101.200
77,Shamus,Soutar,ssoutar24@joomla.org,157.187.79.126
78,Blane,Kahler,bkahler25@weibo.com,71.205.197.106
79,Kirbee,Stripling,kstripling26@spotify.com,152.79.219.41
80,Gerik,Forri,gforri27@oracle.com,195.120.104.174
81,Marcile,Bushen,mbushen28@twitpic.com,233.246.47.118
82,Lea,Artinstall,lartinstall29@cargocollective.com,101.175.72.1
83,Daisie,Dutnall,ddutnall2a@oracle.com,236.21.76.242
84,Coleman,Yvens,cyvens2b@wordpress.org,174.108.223.24
85,Yard,Tetther,ytetther2c@comcast.net,89.1.8.192
86,Laurella,Egell,legell2d@china.com.cn,35.226.175.206
87,Mikey,Ledford,mledford2e@wikimedia.org,214.3.66.124
88,Mignon,Heskey,mheskey2f@livejournal.com,202.208.91.41
89,Verna,Arboine,varboine2g@canalblog.com,212.71.61.95
90,Kristo,Hendrick,khendrick2h@gravatar.com,247.37.43.154
91,Caril,Petyt,cpetyt2i@ft.com,231.44.133.155
92,Baudoin,Kibard,bkibard2j@hugedomains.com,52.178.134.10
93,Avie,Laugier,alaugier2k@tinyurl.com,102.100.210.67
94,Gracia,Piggin,gpiggin2l@apple.com,19.12.34.156
95,Margarete,Restieaux,mrestieaux2m@angelfire.com,244.9.113.98
96,Philbert,Lippatt,plippatt2n@seattletimes.com,85.87.200.201
97,Lorianne,Akess,lakess2o@answers.com,168.249.171.151
98,Bev,Stener,bstener2p@t-online.de,68.216.211.205
99,Daune,Aistrop,daistrop2q@ocn.ne.jp,178.129.145.62
100,Roldan,MacClinton,rmacclinton2r@topsy.com,38.1.105.78
101,Roma,O'Teague,roteague2s@51.la,66.89.50.97
102,Jereme,Tann,jtann2t@ox.ac.uk,194.76.182.29
103,Mic,Schanke,mschanke2u@hao123.com,141.125.104.245
104,George,Sharpe,gsharpe2v@usda.gov,141.226.17.206
105,Abbie,Goldsmith,agoldsmith2w@usda.gov,82.40.8.41
106,Lyle,Nerger,lnerger2x@biglobe.ne.jp,81.99.213.79
107,Inglebert,Wyon,iwyon2y@skyrock.com,130.12.77.43
108,Orbadiah,Trotman,otrotman2z@samsung.com,135.27.216.70
109,Bogart,Strick,bstrick30@abc.net.au,250.21.24.124
110,Charil,Bateup,cbateup31@cloudflare.com,217.70.188.209
111,Siobhan,Benardette,sbenardette32@1und1.de,129.190.73.54
112,Mufinella,Burgis,mburgis33@weibo.com,82.196.111.243
113,Hamnet,Morris,hmorris34@aboutads.info,255.174.240.114
114,Fransisco,Carnew,fcarnew35@pbs.org,210.60.155.252
115,Jocelyn,Bruhnsen,jbruhnsen36@un.org,196.215.183.144
116,Ronni,Spurling,rspurling37@time.com,167.231.247.134
117,Claudian,Sawart,csawart38@newsvine.com,78.103.126.222
118,Elton,Debling,edebling39@jimdo.com,172.0.238.164
119,Jenica,Winchcomb,jwinchcomb3a@google.ca,19.32.210.75
120,Daniela,Mikalski,dmikalski3b@europa.eu,135.190.85.63
121,Noe,Flood,nflood3c@foxnews.com,250.90.164.45
122,Heidie,Casley,hcasley3d@wisc.edu,215.161.91.113
123,Simonette,Dmitrichenko,sdmitrichenko3e@youtube.com,140.41.117.25
124,Cullen,Hasluck,chasluck3f@umich.edu,24.95.166.70
125,Daffie,Newvell,dnewvell3g@boston.com,116.230.59.99
126,Rena,Le Ball,rleball3h@fc2.com,234.199.255.26
127,Willem,Febre,wfebre3i@imdb.com,6.159.129.237
128,Marline,Swidenbank,mswidenbank3j@theguardian.com,201.185.38.141
129,Alysia,Killeley,akilleley3k@google.pl,12.63.92.99
130,Agretha,Bathoe,abathoe3l@sakura.ne.jp,155.206.17.89
131,Kandace,Dacks,kdacks3m@cdbaby.com,237.5.205.110
132,Patsy,Frome,pfrome3n@blogtalkradio.com,140.168.49.155
133,Tammie,Allsopp,tallsopp3o@about.me,111.103.210.43
134,Shannen,Amps,samps3p@woothemes.com,75.101.80.189
135,Franky,Elcomb,felcomb3q@altervista.org,147.116.93.89
136,Batholomew,Morrel,bmorrel3r@bbb.org,234.11.30.154
137,Duke,Landre,dlandre3s@gov.uk,146.145.164.246
138,Crin,Kencott,ckencott3t@toplist.cz,129.98.22.28
139,Celle,Westcot,cwestcot3u@ox.ac.uk,128.2.105.167
140,Bradney,Mehmet,bmehmet3v@uiuc.edu,138.241.183.104
141,Lesley,Bourbon,lbourbon3w@shinystat.com,180.179.200.156
142,Agata,Wiltsher,awiltsher3x@irs.gov,6.108.34.30
143,Theobald,Kneeland,tkneeland3y@newyorker.com,112.45.188.26
144,Boyce,Snartt,bsnartt3z@fastcompany.com,70.210.99.16
145,Poul,Bugdale,pbugdale40@bloomberg.com,3.176.186.49
146,Blanca,Libero,blibero41@arstechnica.com,119.139.14.172
147,Susi,Starbuck,sstarbuck42@purevolume.com,180.24.220.249
148,Lula,Presslee,lpresslee43@yelp.com,42.6.175.135
149,Keely,Rhoddie,krhoddie44@google.co.jp,185.149.78.71
150,Jandy,Cassam,jcassam45@foxnews.com,97.146.79.193
151,Moritz,Cawthron,mcawthron46@opensource.org,242.224.172.23
152,Eduardo,Kingaby,ekingaby47@discuz.net,248.117.89.118
153,Sibeal,Klos,sklos48@freewebs.com,20.187.190.218
154,Neill,Roberds,nroberds49@forbes.com,211.13.144.143
155,Lockwood,Cazereau,lcazereau4a@yolasite.com,98.84.74.123
156,Stephana,Flintoff,sflintoff4b@mayoclinic.com,47.10.191.109
157,Axel,Copnell,acopnell4c@washingtonpost.com,127.44.199.57
158,Damiano,O' Quirk,doquirk4d@blinklist.com,46.159.37.169
159,Hussein,Winckles,hwinckles4e@house.gov,19.113.190.10
160,Rutter,Alston,ralston4f@sitemeter.com,94.127.222.169
161,Rolland,Riediger,rriediger4g@elegantthemes.com,55.129.136.150
162,Aaren,Disley,adisley4h@about.me,142.59.166.223
163,Alvin,Meadows,ameadows4i@qq.com,208.157.163.91
164,Mirella,Simmans,msimmans4j@nsw.gov.au,111.83.109.71
165,Giffie,Ference,gference4k@yellowpages.com,241.35.231.161
166,Pen,Huttley,phuttley4l@alexa.com,75.37.255.154
167,Dulciana,Frise,dfrise4m@wikimedia.org,24.105.84.131
168,Tawnya,Kelinge,tkelinge4n@hp.com,21.43.78.225
169,Corby,Yerrington,cyerrington4o@time.com,211.128.117.156
170,Melosa,Kemson,mkemson4p@earthlink.net,186.43.154.194
171,Humfrey,Baugham,hbaugham4q@eepurl.com,190.177.1.158
172,Dana,Wisden,dwisden4r@comsenz.com,248.20.81.78
173,Dean,Chapelhow,dchapelhow4s@elpais.com,0.19.134.69
174,Orbadiah,Bissell,obissell4t@dailymotion.com,75.239.149.48
175,Lorilee,Mattiello,lmattiello4u@netscape.com,43.73.162.161
176,Nicole,Barhems,nbarhems4v@ftc.gov,77.172.97.164
177,Alfons,Narrie,anarrie4w@cargocollective.com,99.221.104.193
178,Ann,Bircher,abircher4x@twitpic.com,108.240.222.146
179,Tanney,Nizet,tnizet4y@yahoo.com,103.201.67.30
180,Angeline,Columbine,acolumbine4z@vinaora.com,2.70.237.140
181,Elie,Queenborough,equeenborough50@blogtalkradio.com,168.38.180.185
182,Nolan,Dugmore,ndugmore51@alibaba.com,220.98.250.126
183,Ravi,Ellor,rellor52@yandex.ru,50.66.113.72
184,Galina,Cranmer,gcranmer53@ed.gov,128.133.129.248
185,Gabriele,Looney,glooney54@digg.com,192.59.223.8
186,Ervin,Thiolier,ethiolier55@xinhuanet.com,174.12.10.39
187,Bren,Marrable,bmarrable56@addthis.com,222.33.2.20
188,Fawn,Sloegrave,fsloegrave57@mayoclinic.com,195.140.128.100
189,Roberta,Janous,rjanous58@hc360.com,55.103.11.170
190,Genna,McGeoch,gmcgeoch59@homestead.com,1.91.254.210
191,Kenton,Shreeve,kshreeve5a@ameblo.jp,219.194.87.50
192,Stefanie,Loude,sloude5b@reverbnation.com,235.47.67.229
193,Cammi,Stanbridge,cstanbridge5c@cornell.edu,119.224.58.154
194,Gamaliel,MacSwayde,gmacswayde5d@google.ca,203.75.217.63
195,Chicky,Rubenovic,crubenovic5e@icio.us,154.156.211.49
196,Ardelle,Stiggers,astiggers5f@wikimedia.org,110.36.140.3
197,Mohammed,Clubley,mclubley5g@netvibes.com,164.41.18.162
198,Berkeley,Petche,bpetche5h@desdev.cn,32.161.104.187
199,Keenan,Whisby,kwhisby5i@pen.io,181.193.74.45
200,Karlene,Loweth,kloweth5j@squidoo.com,216.233.116.187
201,Ailene,Ielden,aielden5k@bbb.org,238.255.208.171
202,Joyan,Ebden,jebden5l@bloglines.com,245.60.204.195
203,Jayson,Ansill,jansill5m@usgs.gov,112.184.17.17
204,Greg,Rivenzon,grivenzon5n@jugem.jp,250.4.84.55
205,Brock,Langstone,blangstone5o@mlb.com,21.198.60.109
206,Marco,Coole,mcoole5p@ftc.gov,53.33.168.239
207,Worthy,Hedditeh,whedditeh5q@wired.com,33.236.124.184
208,Arturo,Rhucroft,arhucroft5r@blogspot.com,159.10.196.18
209,Drusie,Weeden,dweeden5s@rakuten.co.jp,163.25.116.96
210,Chilton,Oakeshott,coakeshott5t@msn.com,227.121.70.228
211,Earlie,Broune,ebroune5u@time.com,84.170.238.146
212,Durant,Kolodziej,dkolodziej5v@fema.gov,117.13.191.87
213,Nikos,Hovy,nhovy5w@chron.com,119.23.202.150
214,Skye,Willshear,swillshear5x@tinyurl.com,88.3.57.22
215,Jobi,Diggin,jdiggin5y@blinklist.com,97.182.24.70
216,Brynn,Jellings,bjellings5z@upenn.edu,180.167.135.85
217,Faunie,Oneal,foneal60@sfgate.com,234.202.125.244
218,Marybelle,Perton,mperton61@examiner.com,194.118.59.215
219,Elke,Rickertsen,erickertsen62@uiuc.edu,92.218.203.156
220,Patrica,Bernardotte,pbernardotte63@ox.ac.uk,190.170.148.46
221,Loralee,Oaker,loaker64@weebly.com,140.136.165.35
222,Amabel,Wooland,awooland65@biglobe.ne.jp,66.0.161.178
223,Kimberlyn,Gabby,kgabby66@house.gov,79.248.144.23
224,Ardene,Tomczykiewicz,atomczykiewicz67@studiopress.com,68.86.222.164
225,Tanya,Robotham,trobotham68@ow.ly,126.230.110.200
226,Vina,Coupman,vcoupman69@wix.com,26.174.216.13
227,Ammamaria,Ughini,aughini6a@cornell.edu,8.203.42.53
228,Andeee,Seamans,aseamans6b@privacy.gov.au,205.192.81.241
229,Aileen,Glancey,aglancey6c@a8.net,49.84.254.250
230,Bea,Hearl,bhearl6d@bloglovin.com,189.204.228.44
231,Malchy,Patry,mpatry6e@scribd.com,112.128.98.143
232,Jacklin,Guidi,jguidi6f@craigslist.org,6.43.38.245
233,Donnie,Meller,dmeller6g@bigcartel.com,3.216.12.230
234,Aeriela,Hinchcliffe,ahinchcliffe6h@wikipedia.org,31.145.241.87
235,Clemmy,Kless,ckless6i@deviantart.com,31.40.170.36
236,Viva,Kelle,vkelle6j@i2i.jp,125.15.56.125
237,Branden,MacColl,bmaccoll6k@ehow.com,166.132.148.85
238,Hilliary,Rapa,hrapa6l@simplemachines.org,173.30.95.179
239,Norry,Jeayes,njeayes6m@google.pl,98.40.69.134
240,Aluino,Chinnock,achinnock6n@slideshare.net,124.37.95.87
241,Trudie,Whye,twhye6o@sogou.com,56.239.78.112
242,Pablo,Andrivel,pandrivel6p@blogtalkradio.com,13.117.69.139
243,Bobbie,Penkethman,bpenkethman6q@walmart.com,214.244.10.78
244,Silvain,Miroy,smiroy6r@whitehouse.gov,91.149.46.234
245,Raff,Haensel,rhaensel6s@virginia.edu,94.128.212.98
246,Guinevere,McGivena,gmcgivena6t@go.com,179.130.93.245
247,Brander,Weightman,bweightman6u@google.pl,186.197.15.162
248,Carlotta,Riggott,criggott6v@seesaa.net,15.24.88.97
249,Kalina,Moulsdall,kmoulsdall6w@godaddy.com,163.165.228.185
250,Laina,Berrey,lberrey6x@diigo.com,88.100.239.75
251,Nicko,Branchflower,nbranchflower6y@g.co,86.6.222.10
252,Pru,Stutely,pstutely6z@hc360.com,95.128.130.69
253,Gordy,Burman,gburman70@imgur.com,237.208.144.202
254,Kiah,Killelea,kkillelea71@technorati.com,184.22.2.240
255,Louise,Jovovic,ljovovic72@surveymonkey.com,233.66.225.13
256,Ive,Pache,ipache73@delicious.com,162.134.127.141
257,Carlee,Rennix,crennix74@linkedin.com,17.180.120.59
258,Donavon,Skedgell,dskedgell75@dyndns.org,102.81.234.193
259,Leighton,Bownes,lbownes76@sciencedirect.com,210.72.95.93
260,Harbert,Sigfrid,hsigfrid77@nih.gov,189.4.36.78
261,Byran,McClaughlin,bmcclaughlin78@howstuffworks.com,179.232.140.212
262,Gayla,VanBrugh,gvanbrugh79@php.net,124.199.21.69
263,Udell,Tumpane,utumpane7a@discuz.net,23.2.101.96
264,Valery,Aylott,vaylott7b@economist.com,37.106.80.40
265,Brianne,Jermey,bjermey7c@addtoany.com,219.228.124.254
266,Correna,Dikle,cdikle7d@joomla.org,88.62.79.63
267,Arney,Tickner,atickner7e@tiny.cc,71.20.237.35
268,Emlynn,Salmons,esalmons7f@imageshack.us,179.37.0.7
269,Cathlene,Christoffe,cchristoffe7g@fda.gov,16.1.208.184
270,Beverly,Weekes,bweekes7h@vistaprint.com,137.171.150.32
271,Horatius,Toffanelli,htoffanelli7i@mail.ru,23.43.218.132
272,Brandice,Epperson,bepperson7j@miitbeian.gov.cn,54.10.169.88
273,Corney,Rogerson,crogerson7k@slate.com,29.129.231.10
274,Lenee,Farmar,lfarmar7l@upenn.edu,197.67.62.34
275,Urbain,Chetter,uchetter7m@sfgate.com,106.155.6.65
276,Lennard,Huncote,lhuncote7n@webnode.com,78.199.21.21
277,Caterina,Salaman,csalaman7o@netvibes.com,93.194.127.84
278,Benji,Turbefield,bturbefield7p@tiny.cc,113.2.155.83
279,Loree,Grishunin,lgrishunin7q@netlog.com,37.23.145.209
280,Margery,Cordall,mcordall7r@friendfeed.com,79.65.244.85
281,Natka,Dreamer,ndreamer7s@nationalgeographic.com,5.209.28.121
282,Carmel,Malster,cmalster7t@oracle.com,93.9.109.82
283,Ogdan,Allnutt,oallnutt7u@hao123.com,226.13.56.254
284,Novelia,Coling,ncoling7v@cloudflare.com,18.61.130.178
285,Egan,Kupka,ekupka7w@scientificamerican.com,76.212.198.45
286,Rafe,Smissen,rsmissen7x@illinois.edu,229.108.118.134
287,Reade,Eddoes,reddoes7y@home.pl,201.142.39.42
288,Terrance,Blethyn,tblethyn7z@sakura.ne.jp,134.9.171.238
289,Guthry,Edelheid,gedelheid80@shop-pro.jp,225.20.58.245
290,Valerie,Worster,vworster81@taobao.com,208.151.84.201
291,Luella,Tarn,ltarn82@uol.com.br,162.145.18.26
292,Keir,Manuello,kmanuello83@webmd.com,227.159.49.139
293,Dodie,Simoncello,dsimoncello84@wiley.com,245.246.222.183
294,Kenon,Backhurst,kbackhurst85@eepurl.com,77.215.42.227
295,Edd,Garrattley,egarrattley86@ask.com,166.116.248.131
296,Giovanni,Dufaur,gdufaur87@booking.com,78.167.27.44
297,Lacy,Swaisland,lswaisland88@goo.gl,245.241.192.6
298,Ripley,Taynton,rtaynton89@arizona.edu,145.68.143.106
299,Pauly,Souster,psouster8a@joomla.org,251.103.64.10
300,Norrie,Atkirk,natkirk8b@sitemeter.com,135.24.29.213
301,Frances,Durrant,fdurrant8c@t.co,86.243.217.191
302,Roseann,Garretson,rgarretson8d@xrea.com,96.39.243.2
303,Lenci,Bickley,lbickley8e@marketwatch.com,176.83.226.211
304,Warner,Ridgeway,wridgeway8f@lycos.com,250.98.21.190
305,Mahmoud,Pollack,mpollack8g@nps.gov,35.146.74.47
306,Gardener,Dunmore,gdunmore8h@usda.gov,74.103.41.164
307,Horten,Avramchik,havramchik8i@histats.com,188.169.45.48
308,Shannon,Oldis,soldis8j@woothemes.com,197.58.174.97
309,Conant,Stranio,cstranio8k@hibu.com,38.126.135.198
310,Den,Tran,dtran8l@a8.net,104.150.40.246
311,Rad,Ghost,rghost8m@paginegialle.it,45.133.172.227
312,Hanson,Blackmore,hblackmore8n@dyndns.org,242.166.45.16
313,Pace,Gaddas,pgaddas8o@foxnews.com,123.55.27.86
314,Gabie,Losemann,glosemann8p@guardian.co.uk,55.154.190.213
315,Reeba,Hambelton,rhambelton8q@example.com,97.162.12.253
316,Corrinne,MacGinney,cmacginney8r@spiegel.de,161.235.241.251
317,Cherish,Doberer,cdoberer8s@linkedin.com,94.255.169.205
318,Bearnard,Itzak,bitzak8t@ezinearticles.com,57.41.12.209
319,Pegeen,Nesbeth,pnesbeth8u@icq.com,222.113.248.43
320,Mandel,Gleadhell,mgleadhell8v@unc.edu,74.160.199.210
321,Beulah,Haycock,bhaycock8w@archive.org,192.249.137.204
322,Sissie,Hamlett,shamlett8x@va.gov,237.174.198.190
323,Vinnie,Walcot,vwalcot8y@imgur.com,32.151.89.201
324,Celinda,Hincks,chincks8z@apache.org,71.191.114.68
325,Donnie,Mattisson,dmattisson90@cnet.com,200.61.70.13
326,Tiena,Scatcher,tscatcher91@stumbleupon.com,242.158.128.120
327,Daron,Toor,dtoor92@meetup.com,233.93.157.13
328,Jeffry,Echallie,jechallie93@php.net,37.65.61.25
329,Calley,Matthai,cmatthai94@cnet.com,42.221.51.143
330,Prentiss,Aireton,paireton95@upenn.edu,211.160.7.47
331,Cindra,Whipp,cwhipp96@csmonitor.com,76.183.249.228
332,Oralia,Schimonek,oschimonek97@angelfire.com,209.215.19.22
333,Wilhelm,Jovey,wjovey98@harvard.edu,216.77.51.225
334,Darlene,Kornalik,dkornalik99@ask.com,220.3.170.112
335,Marylee,Ezele,mezele9a@is.gd,70.101.140.200
336,Siffre,Rudwell,srudwell9b@nature.com,9.224.202.218
337,Philly,Wodham,pwodham9c@addtoany.com,159.136.79.90
338,Vick,Margarson,vmargarson9d@mit.edu,232.15.106.139
339,Lurleen,Forty,lforty9e@dell.com,51.112.168.226
340,Perry,Dennerly,pdennerly9f@ow.ly,102.14.46.135
341,Philis,Hamnett,phamnett9g@house.gov,226.146.96.196
342,Ezri,Rosengren,erosengren9h@fda.gov,44.185.20.181
343,Leodora,Davidovicz,ldavidovicz9i@dyndns.org,139.142.149.203
344,Man,Rolston,mrolston9j@ask.com,49.107.168.31
345,Ezmeralda,Witherdon,ewitherdon9k@ox.ac.uk,143.216.241.129
346,Holt,Stenett,hstenett9l@shutterfly.com,169.194.33.123
347,Orion,Hebburn,ohebburn9m@deliciousdays.com,32.254.37.62
348,Prudence,Harome,pharome9n@eventbrite.com,76.234.161.126
349,Regen,Luddy,rluddy9o@cnet.com,249.20.126.84
350,Teddy,Heams,theams9p@devhub.com,225.1.88.5
351,Lorena,Ends,lends9q@cdbaby.com,156.255.77.185
352,Maisie,Maron,mmaron9r@apache.org,8.234.97.78
353,Nollie,Buchan,nbuchan9s@tmall.com,132.53.61.149
354,Keen,Radmer,kradmer9t@purevolume.com,116.190.215.110
355,Jen,Bellee,jbellee9u@booking.com,124.169.74.27
356,Malissia,Blint,mblint9v@toplist.cz,35.225.99.95
357,Gretna,Oakland,goakland9w@hud.gov,102.57.64.152
358,Wilhelmina,Beevors,wbeevors9x@ehow.com,221.210.8.75
359,Aeriel,Landrieu,alandrieu9y@desdev.cn,17.112.162.187
360,Van,Sitford,vsitford9z@bloglines.com,252.7.206.207
361,Tobye,Baelde,tbaeldea0@free.fr,203.121.195.220
362,Shina,Nusche,snuschea1@utexas.edu,206.59.34.84
363,Papageno,Westbrook,pwestbrooka2@who.int,248.190.107.248
364,Shelley,Arrandale,sarrandalea3@boston.com,55.48.244.169
365,Asher,Glaves,aglavesa4@samsung.com,166.124.221.252
366,Tremaine,Sango,tsangoa5@chron.com,160.198.218.236
367,Binnie,Matignon,bmatignona6@noaa.gov,148.127.207.89
368,Marietta,Lagne,mlagnea7@pinterest.com,13.122.145.250
369,Celestyn,Gookey,cgookeya8@webeden.co.uk,242.183.56.184
370,Valina,Menure,vmenurea9@alexa.com,201.17.248.129
371,Addie,Winspeare,awinspeareaa@blinklist.com,194.42.58.252
372,Kristos,Pardal,kpardalab@usda.gov,223.26.199.57
373,Denice,Spark,dsparkac@51.la,227.87.221.76
374,Martainn,Dericot,mdericotad@home.pl,185.119.113.173
375,Elayne,Gipson,egipsonae@purevolume.com,40.132.188.101
376,Fonz,Rudloff,frudloffaf@noaa.gov,54.6.99.103
377,Foster,Shadfourth,fshadfourthag@globo.com,82.145.179.252
378,Vinny,Wark,vwarkah@upenn.edu,71.25.127.108
379,Bucky,Shout,bshoutai@sphinn.com,90.189.157.41
380,Darci,Bulleyn,dbulleynaj@issuu.com,109.179.180.198
381,Margaret,McCrory,mmccroryak@wix.com,201.144.40.69
382,Joceline,Fahy,jfahyal@histats.com,31.216.189.23
383,Roxana,Willshaw,rwillshawam@miibeian.gov.cn,203.171.18.191
384,Shanda,Duckfield,sduckfieldan@edublogs.org,100.164.16.115
385,Benedicto,Hatter,bhatterao@4shared.com,140.198.74.22
386,Norry,Tobin,ntobinap@addtoany.com,224.185.193.10
387,Torey,Klimushev,tklimushevaq@liveinternet.ru,82.137.64.45
388,Layla,Botwood,lbotwoodar@cornell.edu,105.162.250.138
389,Salim,Padefield,spadefieldas@ning.com,62.250.159.122
390,Dido,O'Shiel,doshielat@techcrunch.com,210.166.123.5
391,Asia,Gelardi,agelardiau@symantec.com,12.190.79.1
392,Drew,Belcham,dbelchamav@bloomberg.com,118.248.192.126
393,Clerissa,Purkins,cpurkinsaw@phpbb.com,48.103.195.89
394,Jobi,Bauer,jbauerax@flavors.me,241.36.204.79
395,Kathe,Humbert,khumbertay@redcross.org,118.84.59.107
396,Enrichetta,MacInerney,emacinerneyaz@washingtonpost.com,103.223.188.6
397,Amelita,Iglesia,aiglesiab0@g.co,145.90.87.82
398,Ursala,Girvan,ugirvanb1@gravatar.com,89.178.164.245
399,Linzy,Dudhill,ldudhillb2@fema.gov,166.194.159.224
400,Benedetto,Dufton,bduftonb3@irs.gov,116.251.161.4
401,Lianna,Godding,lgoddingb4@lycos.com,200.105.123.131
402,Carlin,Moine,cmoineb5@hibu.com,190.247.38.61
403,Dale,Vannuchi,dvannuchib6@yelp.com,116.86.220.57
404,Lorraine,Fawthorpe,lfawthorpeb7@hao123.com,245.172.35.207
405,Selina,D' Angelo,sdangelob8@163.com,74.186.162.212
406,Elonore,Kembry,ekembryb9@washington.edu,34.114.204.32
407,Ambrosio,Reeveley,areeveleyba@nhs.uk,197.155.40.187
408,Kore,Ketch,kketchbb@fda.gov,181.129.197.157
409,Rockey,Greenhow,rgreenhowbc@about.me,32.202.244.178
410,Cornela,Kynoch,ckynochbd@wikia.com,147.53.0.113
411,Dalila,Greville,dgrevillebe@telegraph.co.uk,160.161.216.144
412,Morna,Basek,mbasekbf@ca.gov,53.67.8.239
413,Jeromy,Leuty,jleutybg@irs.gov,151.112.232.55
414,Vlad,McArtan,vmcartanbh@ovh.net,191.74.187.208
415,Benny,Letford,bletfordbi@reuters.com,151.196.85.110
416,Dyna,Smuth,dsmuthbj@hubpages.com,179.82.225.137
417,Osbourne,Benet,obenetbk@army.mil,142.5.247.42
418,Thorvald,Tender,ttenderbl@privacy.gov.au,154.34.185.241
419,Maxy,Linham,mlinhambm@rakuten.co.jp,59.246.127.31
420,Kennie,Wedderburn,kwedderburnbn@bloglovin.com,5.0.140.126
421,Benedict,Mein,bmeinbo@apple.com,207.192.250.254
422,Niels,Bellsham,nbellshambp@jigsy.com,92.70.64.47
423,Delores,Funcheon,dfuncheonbq@blogs.com,232.179.43.168
424,Jeannine,Ballchin,jballchinbr@archive.org,135.201.26.179
425,Ulrike,Quinnelly,uquinnellybs@163.com,246.58.37.219
426,Aloysius,Hinrich,ahinrichbt@earthlink.net,21.232.91.239
427,Elbert,Dahlborg,edahlborgbu@booking.com,88.232.15.55
428,Fan,Prosh,fproshbv@engadget.com,218.85.204.175
429,Carmine,Avramow,cavramowbw@diigo.com,153.188.0.58
430,Earle,Huddles,ehuddlesbx@usatoday.com,50.186.125.182
431,Dan,Ormesher,dormesherby@ihg.com,140.8.191.37
432,Erna,Treweela,etreweelabz@rediff.com,124.8.77.111
433,Augustine,Ruegg,arueggc0@mapquest.com,65.210.16.250
434,Corrie,Hartwell,chartwellc1@blogger.com,46.33.178.179
435,Jessica,Ballard,jballardc2@census.gov,8.137.56.34
436,Silvia,Bendall,sbendallc3@bizjournals.com,5.128.148.165
437,Friedrick,Gilbee,fgilbeec4@moonfruit.com,152.202.172.91
438,Hermia,Bergstrand,hbergstrandc5@va.gov,11.38.170.41
439,Myrtle,Elsworth,melsworthc6@tumblr.com,215.196.243.139
440,Estevan,Drinan,edrinanc7@reverbnation.com,251.35.143.240
441,Elston,Stoyle,estoylec8@huffingtonpost.com,137.81.12.224
442,Christy,Hitchens,chitchensc9@hatena.ne.jp,104.132.148.238
443,Carmencita,Brunke,cbrunkeca@jugem.jp,248.165.128.235
444,Storm,Rodgers,srodgerscb@ucoz.com,167.89.58.180
445,Barclay,Quemby,bquembycc@salon.com,32.51.102.48
446,Latrina,Fri,lfricd@de.vu,33.252.189.201
447,Penn,Randles,prandlesce@live.com,214.212.154.210
448,Cchaddie,Bottini,cbottinicf@state.gov,158.12.39.242
449,Marillin,Pedron,mpedroncg@msu.edu,106.105.163.234
450,Morris,Darrigoe,mdarrigoech@reuters.com,255.87.24.126
451,Catherine,Simony,csimonyci@amazonaws.com,213.246.236.82
452,Alair,Waddell,awaddellcj@latimes.com,108.97.111.63
453,Justin,Zannini,jzanninick@ihg.com,101.65.182.237
454,Gerrie,O'Crigane,gocriganecl@weibo.com,188.225.195.216
455,Russell,Blackburne,rblackburnecm@businessinsider.com,135.54.65.17
456,Marcellina,Preist,mpreistcn@examiner.com,25.254.178.163
457,Estrellita,Chalfain,echalfainco@google.com.hk,254.251.217.189
458,Cristine,Keese,ckeesecp@addtoany.com,62.45.111.191
459,Samara,Gomes,sgomescq@google.com.au,114.227.190.242
460,Kitty,Cartmail,kcartmailcr@state.tx.us,122.16.197.223
461,Rorie,Frangello,rfrangellocs@shinystat.com,19.230.193.156
462,Giorgia,Labat,glabatct@imdb.com,189.106.191.10
463,Rhodie,Bozward,rbozwardcu@typepad.com,142.22.95.245
464,Manny,Salvidge,msalvidgecv@newyorker.com,63.20.8.131
465,Marc,Lewins,mlewinscw@stumbleupon.com,231.242.119.197
466,Natalina,Innocent,ninnocentcx@goo.ne.jp,128.239.213.147
467,Arty,Muris,amuriscy@toplist.cz,132.174.143.103
468,Jocko,Simonsen,jsimonsencz@columbia.edu,29.125.211.115
469,Lucienne,Dewing,ldewingd0@goo.ne.jp,1.86.136.226
470,Sibyl,Davydkov,sdavydkovd1@instagram.com,112.33.41.124
471,Beale,Piche,bpiched2@biblegateway.com,73.196.7.253
472,Drona,Toland,dtolandd3@purevolume.com,5.114.93.201
473,Ambros,Maisey,amaiseyd4@nationalgeographic.com,185.58.59.214
474,Gay,Finicj,gfinicjd5@arizona.edu,123.240.168.236
475,Justino,Lomasney,jlomasneyd6@godaddy.com,247.115.57.76
476,Annamarie,Clink,aclinkd7@spotify.com,154.197.252.179
477,Tory,Thunderman,tthundermand8@yale.edu,110.152.91.247
478,Solly,Alpine,salpined9@google.nl,233.128.83.201
479,Georgeanne,Astman,gastmanda@hhs.gov,201.16.29.2
480,Nicky,Simionato,nsimionatodb@imdb.com,173.77.135.103
481,Perri,Southcombe,psouthcombedc@nytimes.com,28.255.146.142
482,Farra,Zanre,fzanredd@ucoz.com,180.26.205.190
483,Keane,Barter,kbarterde@shutterfly.com,58.141.91.81
484,Oliviero,Mertsching,omertschingdf@imgur.com,142.234.86.37
485,Milzie,Bruton,mbrutondg@va.gov,109.3.131.89
486,Averil,Jaques,ajaquesdh@house.gov,250.43.183.159
487,Garik,Lavis,glavisdi@sogou.com,18.171.82.194
488,Merlina,Maddin,mmaddindj@geocities.com,103.61.84.102
489,Brittne,Southern,bsoutherndk@dion.ne.jp,43.208.68.5
490,Carole,Kezar,ckezardl@zdnet.com,0.198.225.14
491,Olenka,Carville,ocarvilledm@bandcamp.com,168.132.148.20
492,Cly,Raiston,craistondn@sitemeter.com,243.91.221.109
493,Reamonn,Eberdt,reberdtdo@twitpic.com,234.197.218.177
494,Brook,McFetridge,bmcfetridgedp@tiny.cc,124.65.207.173
495,Stefania,Painten,spaintendq@cam.ac.uk,56.32.179.103
496,Milt,Edgett,medgettdr@privacy.gov.au,238.106.81.152
497,Enrico,Edmondson,eedmondsonds@is.gd,247.125.139.19
498,Kristofor,Crutch,kcrutchdt@ask.com,20.99.98.220
499,Krishnah,Dumbare,kdumbaredu@ox.ac.uk,233.197.196.64
500,Son,Mathevon,smathevondv@miitbeian.gov.cn,66.251.0.33
